id,source_url,date,market,source_type,company_or_anon,pain,evidence,severity,selena_solution,supports_5k_offer,batch
1,https://community.shopify.com/t/whats-the-one-customer-question-you-answer-over-and-over-and-wish-you-didnt/639443,unknown,Shopify ecommerce brands,Shopify Community forum thread,anonymous Shopify merchants,"Store owners answer the same handful of customer questions on repeat all day: where's my order, when will it ship, what's your return policy, can I change my address.","Thread titled 'What's the one customer question you answer over and over (and wish you didn't)?'; per search-result summary, merchants describe support taking up 'almost half a day just responding to repeats' and 'typing the same few answers all day long'.",8,"AI support agent trained on store policies + order data (Shopify API) that auto-answers WISMO, returns, and shipping questions across email/chat, escalating only edge cases.",True,agencies-ecommerce
2,https://crew27marketing.com/shopify-store-owners-drowning-support-emails-fix/,unknown,Shopify ecommerce brands,vendor blog summarizing merchant/Reddit pain,anonymous solo Shopify entrepreneurs,"Solo store owners drown in customer emails (order tracking, product questions, returns, complaints); response times slip after ad campaigns and peak seasons, causing bad reviews.",Article claims stores at ~100 orders/month get roughly 30-60 support contacts/month and ~500 orders/month get 150-300 contacts; positions the fix as saving 20+ hours/week. Cited figures are the vendor's own estimates.,7,"Done-for-you AI support inbox: auto-triage + drafted replies + full auto-resolution of tier-1 tickets, sized for stores past ~50 orders/month who can't yet justify a support hire.",True,agencies-ecommerce
3,https://wismolabs.com/what-is-wismo/,unknown,Shopify ecommerce brands,industry benchmark page,industry benchmark (WISMOlabs),'Where is my order?' inquiries dominate ecommerce support volume and each interaction has real labor cost.,"WISMO benchmark pages surfaced in search report WISMO at roughly 10-40% of support contacts in normal months, climbing to 50%+ during peak periods, with each support interaction estimated at $5-$25 in cost (ranges vary by source across the WISMO benchmark articles found).",8,"Automated order-status flows: proactive tracking notifications plus an AI agent wired to the order system, deflecting the single largest ticket category before it hits the inbox.",True,agencies-ecommerce
4,https://www.loopreturns.com/blog/how-do-shopify-returns-work/,unknown,Shopify ecommerce brands,vendor blog / how-to guide,anonymous Shopify merchants,"Returns and exchanges on Shopify are largely manual: merchants track requests, issue refunds, create new orders for exchanges, and manage shipping logistics themselves.","Search results on Shopify returns handling describe approvals, label creation, inventory updates, and refunds being handled manually, with return/exchange requests going through support and producing long email threads.",6,"Self-service returns/exchange workflow (portal + automation) integrated with Shopify, cutting the email back-and-forth and manual order creation.",True,agencies-ecommerce
5,https://www.digitalapplied.com/blog/agency-client-reporting-automation-2026-agent-written,2026,Marketing agencies,industry blog with benchmark figures,anonymous agencies (aggregate figures),Monthly client reporting is a massive manual time sink: pulling data from ad platforms into spreadsheets/slides instead of doing strategy.,"Article states client reporting averages 8.2 hours per client per month, with 15+ hours for complex clients ('25 clients = one full-time employee doing nothing but reports'); cites 63% of marketers naming data integration their biggest reporting headache and 71% of clients saying reports lack actionable recommendations.",9,"AI reporting agent that pulls platform data, writes the analysis and first-draft narrative per client, reducing human work to a short review - a flagship $5k-$10k build for agencies with 10+ clients.",True,agencies-ecommerce
6,https://www.capterra.com/p/158746/Agency-Analytics/reviews/,unknown,Marketing agencies,Capterra software reviews,verified AgencyAnalytics customers (agencies),"Even dedicated reporting SaaS leaves agencies doing manual, repetitive work and costs scale painfully per client.","Reviewers report it is 'difficult to create reports with more robust analytics... without having to manually input data sources', limited custom-dimension configuration, and that monthly costs feel expensive; per-client pricing means ~30 clients can run $500-$700+/month per review-roundup sources.",7,Custom reporting automation owned by the agency (no per-client SaaS tax): scheduled data pulls + templated AI-written reports across all clients from one master template.,True,agencies-ecommerce
7,https://www.g2.com/products/hubspot-marketing-hub/reviews,unknown,Marketing agencies / SMB service businesses,G2 software reviews,verified HubSpot customers (small teams/agencies),Small agencies and SMBs find full-suite CRM/marketing platforms punishingly expensive and gated: pricing rises with contacts ('a tax on success') and essential features sit behind much higher tiers.,"G2 reviewers cite costs rising quickly as contacts grow and features locked in higher tiers; review-analysis sources report the Starter-to-Professional jump (~$20/seat to ~$890/month) plus a mandatory onboarding fee as the most-cited complaint, pushing first-year cost toward $5,000-$9,000.",8,"Lightweight custom CRM automation stack (pipeline, follow-ups, enrichment) built on tools the client already owns - a one-time $5k-$10k build competing directly with a first-year HubSpot Professional bill.",True,agencies-ecommerce
8,https://www.g2.com/products/gorgias/reviews,unknown,Shopify ecommerce brands,G2 software reviews,verified Gorgias customers (ecommerce brands),"Ecommerce helpdesk pricing is unpredictable and stacks up: ticket-limit overages, per-resolution AI fees, and feature-gated tiers make monthly bills hard to forecast, especially in peak season.","G2 reviewer quote: 'It's priced too high compared to the rest of the market and it's support is not helpful.' Pricing-analysis sources report overages of roughly $0.36-$0.40/ticket and AI agent fees around $0.90-$1.00 per resolved conversation, with a $360 Pro plan 'commonly landing closer to $720' with AI usage.",7,"Flat-cost custom AI support automation (owned by the brand, no per-resolution fees) as an alternative or supplement to metered helpdesk AI.",True,agencies-ecommerce
9,https://proposalprojecttemplate.com/blog/how-do-you-write-business-proposal,unknown,Marketing agencies / consultants,industry blog with benchmark figures,anonymous consultants/agencies (aggregate),Writing client proposals manually eats senior staff time and slows down sales cycles.,"Article claims most consultants spend 6-8 hours writing each proposal manually; related proposal-statistics sources found in the same search report a median of 4.7 business days from first meeting to proposal delivery at digital agencies, cut ~51% with proposal tooling.",8,"AI proposal generator trained on the agency's past winning proposals, pricing, and case studies - discovery-call notes in, branded draft proposal out in minutes.",True,agencies-ecommerce
10,https://www.g2.com/products/proposify/reviews,unknown,Marketing agencies / sales teams,G2 software reviews,verified Proposify customers,"Existing proposal software itself adds friction: buggy editors and formatting fights make proposal creation slower, not faster.","Reviewers describe a frustrating editor with autosave/caching bugs, awkward pricing tables, and one stating the constant reformatting 'added so much time to creating a proposal, that it didn't make sense to use anymore'.",6,"Proposal automation that outputs to formats teams already trust (Docs/PDF/Notion) generated from structured inputs, sidestepping fragile WYSIWYG editors.",True,agencies-ecommerce
11,https://medium.com/@kelvinmurayagitau1/why-most-agencies-waste-10-hours-every-week-on-client-onboarding-and-how-to-fix-it-8ecd32f80e93,unknown,Marketing agencies,Medium article by agency operator,anonymous agencies (author's client observations),"Client onboarding is a repetitive admin drain: chasing access, credentials, briefs, and kickoff logistics for every new client.","Author claims that across dozens of agencies, teams lose 10-15 hours every week onboarding new clients - 'more than a full workday gone to admin' - and that clients can tell when onboarding is messy, costing trust before delivery starts.",8,"Automated onboarding system: intake forms, access-request sequences, kickoff scheduling, asset collection, and CRM/project-tool setup triggered automatically on deal-won.",True,agencies-ecommerce
12,https://clientfuse.io/blog/client-onboarding-time-benchmarks-marketing-agencies,unknown,Marketing agencies,industry benchmark article,anonymous agencies (aggregate benchmark),Slow or disorganized onboarding directly drives client churn in the first months of an engagement.,"Benchmark articles surfaced in this search report that 70% of clients who churn within the first 6 months made the decision during the first two weeks of onboarding, and that businesses with a defined onboarding timeline retain 34% more clients in year one (figures as reported by these benchmark posts).",8,"Onboarding automation framed as retention insurance: a defined, automated first-two-weeks experience (welcome sequence, milestones, status visibility) that protects recurring revenue.",True,agencies-ecommerce
13,https://www.capterra.com/p/206389/Dubsado/reviews/,unknown,Service businesses / creative freelancers-agencies,Capterra software reviews,verified Dubsado customers,"DIY client-workflow tools demand weeks of setup and a steep learning curve, so the onboarding automation businesses want never actually gets built.","Reviewers describe a 'severe learning curve', workflows that are 'confusing and honestly, a bit scary', and one saying it 'cost way too much time and produced way too much overwhelm for simple tasks'; an ecosystem of paid Dubsado-setup specialists exists because setup is so hard.",7,Done-for-you implementation is the product: Selena builds and tests the client onboarding/CRM workflows the owner would otherwise spend weeks configuring - direct evidence people pay third parties for setup alone.,True,agencies-ecommerce
14,https://creator.io/blog/using-creator-io-to-manage-faqs-in-your-kajabi-community,unknown,Online course / creator businesses,vendor blog about creator communities,anonymous Kajabi community creators,"Course creators and their community members are stuck in a 'relentless cycle' of answering the same FAQs from new students, making community management tedious.","Article describes how the relentless cycle of frequently asked questions turns vibrant community interaction into a tedious affair, with seasoned members repeating the same responses; positions an AI chatbot trained on frequent questions as the fix.",6,"AI student-support assistant trained on course content and past Q&A, embedded in the community/email, answering tier-1 student questions instantly.",True,agencies-ecommerce
15,https://www.coursecreationstudio.com/blog/how-to-streamline-course-creation-and-marketing-without-overwhelm,unknown,Online course / creator businesses,industry blog for course creators,anonymous course creators,"Course creators juggle content creation, marketing, sales, and customer management alone and end up buried in admin (email tweaks, tech troubleshooting) instead of creating.","Search results across course-creator overwhelm articles describe creators buried in admin work, tweaking marketing emails and troubleshooting tech issues rather than focusing on their best content; overwhelm/burnout is the recurring theme of the article set.",6,"Creator back-office automation bundle: email/marketing workflows, student onboarding sequences, and support automation so the creator's time goes back to content.",True,agencies-ecommerce
16,https://everready.ai/13-statistics-for-crm-data-entry-automation/,unknown,Agencies / SMB sales teams,industry statistics roundup,aggregate survey statistics,Manual CRM data entry consumes a huge share of selling time and is so hated that reps skip or fabricate entries.,"Statistics roundup claims the average salesperson spends ~13 hours/week on manual data entry (28% of the week); other sources in the same search report 5.5-12 hours/week ranges, 23% naming manual entry the main barrier to CRM use, and 37% of sales staff admitting to fabricating CRM data.",7,"CRM auto-capture automation: call/email/meeting data flows into the CRM automatically (transcription + enrichment), eliminating most manual logging.",True,agencies-ecommerce
17,https://www.trysight.ai/blog/marketing-team-content-bottleneck,unknown,Marketing agencies,vendor blog on agency content operations,anonymous agencies/marketing teams,"Client content demand consistently outpaces production capacity: single-writer chokepoints, hours-long briefs, and approval bottlenecks while client budgets shrink.","Articles define the content bottleneck as demand consistently outpacing supply, citing over-reliance on one writer, briefs that consume hours of team time, and note 'every social media agency is hitting the same wall: client demand keeps going up, budgets keep going down'.",7,"AI content production pipeline in the agency's voice: brief-to-draft automation, modular content assembly, and approval routing to multiply output without new hires.",True,agencies-ecommerce
18,https://www.jitbit.com/news/ai-answered-support-tickets-for-a-week/,unknown,SMB support teams (validation for ecommerce/creator support offers),company experiment write-up,Jitbit (helpdesk software company),Even a small software company's support inbox (~104 tickets/week) is dominated by questions repetitive enough for AI to fully resolve - human time is spent on answers that don't need a human.,Jitbit reports letting AI answer support tickets for a week and it 'one-shotted 70 out of 104' tickets without human intervention; adjacent sources in the same search cite 50-89% tier-1 auto-resolution rates for ecommerce AI support tools.,6,"Proof-point for Selena's support-automation offer: majority-share tier-1 auto-resolution is achievable today, making a $5k-$10k implementation defensible against a part-time support hire.",True,agencies-ecommerce
19,https://www.tripadvisor.com/ShowUserReviews-g469404-d1013759-r120681063-The_Bali_Dream_Villa_Seminyak-Seminyak_Kuta_District_Bali.html,unknown,Bali villas,tripadvisor_review,The Bali Dream Villa Seminyak,Booking chaos on arrival: guests with confirmed bookings told they had no villa booked and shuffled to other locations.,"Review titled 'Nice place - but yep its a scam'. Per search-result summary: guests were told they had no villa booked, refused to move, and were only 'found another 2 bedroom villa' after about an hour; other arriving groups were also redirected to different locations.",8,"Central reservation system + AI booking-confirmation workflow that syncs channels, sends automatic confirmations, and flags conflicts before arrival day.",True,bali-hospitality
20,https://www.tripadvisor.com/ShowTopic-g294226-i7220-k4147977-o30-Villa_scam-Bali.html,unknown,Bali villas / booking agents,tripadvisor_forum,Booking intermediary named in thread as Bali Experience,Deposit handling breakdown between booking agent and villa management: guest's 50% deposit was never transferred to the villa management company.,"Per search-result summary of the 'Villa scam' Bali forum thread: a guest's deposit paid to an intermediary wasn't passed to the villa management company, forcing the guest to pay the deposit again to avoid being denied their stay.",8,"Automated booking + payment reconciliation workflow (payment received -> confirmation to guest, owner, and PM company) so deposits and booking states can't silently diverge.",True,bali-hospitality
21,https://www.trustpilot.com/review/balimanagement.villas,unknown,Bali villa/property management companies,trustpilot_review,Balimanagement (balimanagement.villas),Escalations die inside the company: guest requesting a refund/resolution was left hanging for hours; staff said upper management needed to approve but 'never responded'.,Per Trustpilot review surfaced in search results: company 'kept us handing for hours with no answer' on a refund request; staff cited approval from upper management that never came; refund refused although guest did not stay.,7,"AI-assisted guest-communication and escalation system: auto-acknowledgement, SLA timers, and routing of refund/complaint cases to a decision-maker with automatic follow-up.",True,bali-hospitality
22,https://www.tripadvisor.com/Hotel_Review-g297697-d6922600-Reviews-Mega_Boutique_Hotel-Kuta_Kuta_District_Bali.html,unknown,Bali boutique hotels,tripadvisor_review,"Mega Boutique Hotel, Kuta",Guests physically unable to reach the hotel: dead phone lines and no WhatsApp number offered as an alternative channel.,"Per search-result summary of a TripAdvisor review: phone lines were dead with no advance notice, 'not even a WhatsApp number' for guests to reach out to; reviewer wrote 'Highly NOT recommended' and called it their final stay.",6,WhatsApp Business + AI concierge line as a resilient guest-communication channel with automated FAQ/service-request handling for a boutique property.,True,bali-hospitality
23,https://www.tripadvisor.com/Attraction_Review-g1025508-d11773456-Reviews-Fastboat_Bali_Gili-Mengwi_Bali.html,unknown,Bali tour operators / fast boats,tripadvisor_review,Fastboat Bali Gili,Slow WhatsApp/booking-channel replies with direct revenue and reputation cost: customer missed the boat waiting for confirmation.,"Per search-result summary of reviews: waiting for final confirmation for a ferry booking to Nusa Penida, the operator 'took 50 minutes to reply', causing the customer to miss the boat; no apology offered.",8,"Instant AI booking-confirmation agent on WhatsApp: availability check, confirmation, ticket, and pickup details in seconds instead of an hour.",True,bali-hospitality
24,https://www.tripadvisor.com/ShowUserReviews-g297700-d16882342-r704752028-The_Angkal_Fast_Boat-Sanur_Denpasar_Bali.html,unknown,Bali tour operators / fast boats,tripadvisor_review,"The Angkal Fast Boat, Sanur",No proactive communication during service delivery: passengers picked up at 6:30 AM then left waiting ~2 hours until departure with no explanation.,Review titled 'PATHETIC TOUR OPERATOR EVER FOR NUSA PENIDA. BEWAREEEEEE'. Per search-result summary: long waits with no explanation between early pickup and boat departure.,7,"Automated day-of-service messaging (pickup ETA, delay notices, departure updates) pushed via WhatsApp so ops staff don't have to message each guest manually.",True,bali-hospitality
25,https://www.tripadvisor.com/ShowTopic-g1-i12105-k12170072-Tour_operator_failed_to_pick_me_up_how_to_get_a_refund-Tripadvisor_Support.html,unknown,Bali tour operators,tripadvisor_forum,Anonymous Batur volcano sunrise trekking operator,"Inbound email inquiries ignored, leading to a no-show pickup and a refund dispute.","Per search-result summary of this TripAdvisor support-forum thread: customer emailed the 'Batur Volcano Sunrise Trekking and Breakfast' operator two days ahead about pickup time, the operator never responded and never picked them up.",8,"Shared-inbox automation: every inquiry gets an instant acknowledgement, pickup details are auto-confirmed 24h before, and unanswered threads escalate to the owner's phone.",True,bali-hospitality
26,https://www.tripadvisor.com/ShowTopic-g294226-i7220-k6074611-Internet_Booking_Scams_for_Villas_in_Bali-Bali.html,unknown,Bali villas / booking agents,tripadvisor_forum,Anonymous villa booking service (Bali forum thread),Legitimate-looking booking services that go silent: traveler asked for an agent's name and 'they never responded'; scams and non-responses eroding trust in direct villa booking.,Per search-result summary of the 'Internet Booking Scams for Villas in Bali' forum thread: a user asked a booking service for an agent name and they never responded; scams reported to have 'ruined many holidays'.,6,"For legitimate villa operators: verified, instant-response AI booking assistant with real confirmations and payment links -- responsiveness itself becomes the trust differentiator against scammers.",True,bali-hospitality
27,https://vanilla-mayflower-yte6.squarespace.com/blog/bali-villa-management-mistakes-to-avoid,unknown,Bali villa/property management companies (owner side),industry_blog,BVM (Bali Villa Management blog),"Villa owners' documented grievances with PM companies: slow problem resolution, 'channel hijacking' (unreported private-channel bookings), owners left in the dark on bookings and finances, vague or infrequent reporting.",Per search-result summary of this Bali villa-management article: complaints not addressed quickly escalate and harm reputation; taking bookings through private channels without reporting them 'can significantly impact income'; hidden fees and unclear reports make profitability impossible to track.,7,"Automated owner-reporting system: booking calendar sync, monthly P&L/occupancy reports auto-generated and sent to owners, giving PM companies a transparency selling point.",True,bali-hospitality
28,https://www.bukitvista.com/blog/guest-communication-bukit-vista-2026,2026,Bali villas (owner-operators),industry_blog,Bukit Vista (Bali property management company),Owner overwhelm from manual guest messaging: constant inquiries across the guest lifecycle while also running the physical property; guests expect near-instant answers.,"Per search-result summary of this Bukit Vista article: many villa owners 'feel overwhelmed managing guest messages, inquiries, and feedback'; guests expect near-instant responses on everything from check-in instructions to restaurant recommendations. A Bali PM company is marketing against this exact pain, confirming demand.",7,"AI guest-communication layer handling routine pre-arrival/in-stay questions automatically, with human handoff for exceptions -- exactly the productized system Selena sells.",True,bali-hospitality
29,https://balimanagement.villas/blogs/beyond-booking-guest-communication-systems/,unknown,Bali villas / villa management,industry_blog,balimanagement.villas (Bali villa management company blog),"Round-the-clock response expectations that manual teams cannot meet: guests expect answers within an hour, even late at night, across international time zones.","Per search-result summary of this article on guest communication systems: 'Guests expect answers within an hour, even late at night'; handling every inquiry manually 'can become overwhelming' and response delays hurt satisfaction and search rankings.",7,24/7 AI first-responder on WhatsApp/OTA messaging that answers routine questions instantly and queues the rest for staff working hours.,True,bali-hospitality
30,https://hhrmahotelbali.com/tag/reservation-agent,2026 (active listings page),Bali hotels & villas (hiring signal),job_board,Multiple Bali hotels/villas via HHRMA Hotel Bali job board,"Properties are hiring full-time humans to do manual multi-channel reservation triage: one listed reservation role involves managing daily reservations from direct bookings, website inquiries, WhatsApp, email, and OTA platforms.","Per search-result summary of HHRMA Hotel Bali reservation-agent listings: role duties include managing daily reservations 'from direct bookings, website inquiries, WhatsApp, email, OTA platforms, and other booking channels'. Ongoing hiring for this indicates recurring manual workload cost.",6,Channel-consolidation + AI reservation assistant that absorbs most of a reservation agent's inbox work; ROI story: a $5k-$10k system vs a full-time salary.,True,bali-hospitality
31,"https://www.glassdoor.sg/Job/canggu-villa-manager-jobs-SRCH_IL.0,6_IC4374635_KO7,20.htm",2026 (page dated April 2026),"Bali villas (Canggu, hiring signal)",job_board,Multiple Canggu villa operators via Glassdoor,Villa manager / guest relations job specs explicitly require manual WhatsApp inquiry handling with response-time SLAs.,Per search-result summary of Glassdoor Bali villa/guest-relations listings: duties include responding 'to WhatsApp and walk-in inquiries politely and promptly' and 'responding promptly to all inquiries within 6 working hours' while coordinating with reservation teams on availability.,6,"AI inquiry-response system that beats the 6-working-hour SLA by responding in seconds and checking live availability, cutting the manual load these roles are hired for.",True,bali-hospitality
32,https://bestbeachclubs.world/reviews/palmilla-beach-club-bali-review/,unknown,Bali beach clubs / restaurants,review_blog,"Palmilla Beach Club, Bali","Outdated reservation flow: customers must go to Instagram, then book via WhatsApp through long back-and-forth conversations with staff.","Per search-result summary of this review: Palmilla has an 'outdated booking process' requiring customers to visit Instagram and book via WhatsApp, 'involving long conversations' with staff for whom English may not be the first language.",5,"Structured AI booking agent on WhatsApp/Instagram DM: table type, party size, date, deposit link handled in one automated flow in any language.",True,bali-hospitality
33,https://bestbeachclubsbali.com/reviews/savaya-bali-review/,unknown,Bali beach clubs / restaurants,review_blog,Savaya Bali (Uluwatu),"Submit-and-wait booking forms with no instant confirmation, judged worse than even manual WhatsApp chat.","Per search-result summary of Bali beach club reviews: vague booking forms where customers 'submit requests and wait for responses', described as 'worse than using WhatsApp' as a booking system.",5,Real-time availability + instant-confirmation booking flow (web form or WhatsApp) with automated deposit collection and reminder messages.,True,bali-hospitality
34,https://www.tripadvisor.com/Restaurant_Review-g311298-d12971695-Reviews-La_Brisa-Canggu_North_Kuta_Bali.html,unknown,Bali beach clubs / restaurants,tripadvisor_review,"La Brisa, Canggu",Reservation system that doesn't match on-the-ground reality: guest prepaid a day bed and still spent the visit in conflict over seating; booking map shows seats actually held for walk-ins.,Per search-result summary of La Brisa reviews: described as 'one of the most poorly run venues' where a guest 'booked and prepaid a day bed and still spent the entire time dealing with conflict'; booking process called 'a bit confusing' with walk-in seats shown on the clickable booking map.,6,"Inventory-true reservation system synced between online bookings and floor staff (host tablet/WhatsApp bot), eliminating prepaid-but-unhonored seating conflicts.",True,bali-hospitality
35,https://www.tripadvisor.com/ShowTopic-g294226-i7220-k10736903-Is_it_a_good_idea_to_book_a_villa_through_Elite_Havens-Bali.html,unknown,Bali villa management / luxury villa agencies (owner side),tripadvisor_forum,Elite Havens (discussed by a villa owner in forum thread),"Owner-agency miscommunication and margin resentment: owner says agency took a large share while adding little value, and charged guests for a stay extension the owner would have given free.",Per search-result summary of this Bali forum thread: a villa owner complained Elite Havens 'took a big share' and 'provided nothing in added value'; agency tried charging guests extra for extending stay time when the owner was willing to extend at no cost and hadn't asked for the charge.,6,Direct-booking + guest-communication stack for independent villa owners so they depend less on high-commission agencies; automated owner-agency sync where agencies are kept.,True,bali-hospitality
36,https://www.tripadvisor.com/ShowUserReviews-g608486-d648292-r870299153-Bali_Merita_Villa-Kerobokan_North_Kuta_Bali.html,unknown,Bali villas,tripadvisor_review,"Bali Merita Villa, Kerobokan","Bait-and-switch at check-in plus ad-hoc, trust-destroying processes: shown a perfect room before booking, given a dirty moldy one at check-in, and hit with an unusually large 3M IDR deposit demand.","Review titled 'Balinese Horror Story'. Per search-result summary: 'extremely filthy place with the worst management in 10+ years of traveling'; different room than shown, mold, broken furniture, no Wi-Fi; 3 million IDR deposit vs typical 500k.",7,"Marginal fit: core problem is operational integrity, not automation. Standardized booking-to-check-in workflow with photo-verified room assignment and written deposit policy could reduce disputes, but AI alone won't fix this operator.",False,bali-hospitality
37,https://www.productreview.com.au/listings/laser-clinics-australia,unknown,Australia,consumer_review_site,Laser Clinics Australia (multi-location aesthetic franchise),"Customers repeatedly cannot reach clinics: phones ring out during business hours, no callbacks, emails to head office unanswered for weeks despite auto-replies promising 24-48h response.",ProductReview.com.au search results summarize multiple reviews: repeated calls to the Doncaster clinic 'no one answering the phone or returning calls'; emails over several weeks got no reply despite automated 24-48h promise; franchise owners 'very bad at responding to emails'.,9,"AI phone/WhatsApp/email reception agent that answers every enquiry instantly, books and reschedules appointments in the calendar, and escalates refund/complaint cases to a human queue with SLA tracking.",True,clinics-wellness
38,https://wanderlog.com/place/details/2448931/sunset-dental-clinic-bali--implants--veneers,unknown,Bali,google_review_aggregator,Sunset Dental Clinic Bali (Kuta),"Patient with a confirmed appointment and acute tooth pain arrived to find the clinic closed with no warning, and was then ignored on WhatsApp.","Wanderlog review summary (seen in search results): patient booked in advance, found clinic 'completely closed with no warning or note' and was 'being ignored on WhatsApp despite having a confirmed appointment' while in real pain.",8,"Automated WhatsApp appointment confirmations, closure/reschedule broadcasts, and an AI agent that never leaves a confirmed patient's message unanswered.",True,clinics-wellness
39,https://www.trustindex.io/reviews/rejuvieclinic.com,unknown,Bali,review_aggregator,Rejuvie Aesthetic & Dermatology Bali,Prospective patient trying to book via WhatsApp got a few replies then 'radio silence' - the clinic's main booking channel drops leads mid-conversation.,"Trustindex review summary (seen in search results): customer contacted via WhatsApp to book appointments, received responses to a few messages 'but then experienced radio silence, noting that customer service is poor'.",8,"AI WhatsApp concierge that carries every booking conversation to completion, follows up on stalled threads automatically, and hands hot leads to staff with full context.",True,clinics-wellness
40,https://www.trustpilot.com/review/balidoc.com,unknown,Bali,trustpilot_review,Balidoc (Bali medical service platform),Patient scheduled an online consultation and waited 20 minutes with no one showing up - provider-side no-show caused by weak internal scheduling/notification workflow.,Trustpilot review summary (seen in search results): customer scheduled an online consultation but waited 20 minutes with no one showing up; Balidoc replied it had tried reaching the customer via email and WhatsApp.,6,Automated provider-and-patient reminder workflow with pre-consult confirmation pings on WhatsApp and automatic rebooking when either side fails to confirm.,True,clinics-wellness
41,https://www.tripadvisor.com/FAQ-g297701-d12231822-Kaveri_Spa_at_The_Udaya.html,unknown,Bali,tripadvisor_qna_review,Kaveri Spa at The Udaya (Ubud),Would-be customer could not book at all: the advertised WhatsApp number was not registered on WhatsApp and the spa was not answering email.,Tripadvisor FAQ page summary (seen in search results): customer 'tried adding an advertised WhatsApp number that wasn't showing registration with WhatsApp' and said 'they are not answering email'.,7,"Verified WhatsApp Business API setup with an AI agent answering 24/7, plus unified inbox so email and WhatsApp enquiries land in one monitored queue.",True,clinics-wellness
42,https://www.tripadvisor.com.sg/ShowUserReviews-g297701-d8046149-r389184898-Ubud_Traditional_Spa-Ubud_Gianyar_Regency_Bali.html,unknown,Bali,tripadvisor_review,Ubud Traditional Spa (Ubud),Bookings made via email never reach the front desk because reception only records phone bookings - channel fragmentation loses confirmed customers.,"Tripadvisor review 'Bad Start, Happy Ending' summary (seen in search results): 'bookings made via email are not passed on to reception, apparently reception only records bookings made by phone', causing a booking miscommunication.",6,"Single automated booking pipeline: email/WhatsApp/web enquiries auto-create calendar entries and notify reception, eliminating manual handoff.",True,clinics-wellness
43,https://www.tripadvisor.com/ShowUserReviews-g297697-d12083148-r487221411-The_Udaya_Resorts_Spa-Ubud_Gianyar_Regency_Bali.html,unknown,Bali,tripadvisor_review,The Udaya Resorts & Spa (Ubud),Reservation process described by a guest as the worst part of an otherwise faultless stay: vague emails and the spa mixing up booking dates.,"Tripadvisor review titled 'WORST RESERVATION PROCESS ...can't fault anything else' (seen in search results): guest reported vague emails, dates mixed up by the spa, 'really poor customer service in the reservation process'. Note: canonical URL seen in results was tripadvisor.com/ShowUserReviews-g297701-d12083148-r487221411.",6,"Automated reservation confirmations with structured date/service capture and instant written confirmation, removing human transcription errors.",True,clinics-wellness
44,https://www.dubaireview.ae/listing/kaya-skin-clinic/,unknown,Dubai,consumer_review_site,Kaya Skin Clinic (Dubai),Prepaid package customers waited 3 months for appointments while the clinic 'was not attending calls or messages'; appointments frequently rescheduled by the clinic; communication described as disappointing.,"DubaiReview.ae and related search summaries: customer paid in advance, experienced appointment delays for 3 months while clinic did not attend calls or messages; 'set appointments are frequently rescheduled by the business'; complaints escalated to DHA/DED.",9,"AI patient-communication system: instant answer on calls/WhatsApp, automated package-session scheduling and proactive reschedule notifications, complaint-escalation workflow with tracked SLAs.",True,clinics-wellness
45,https://www.expatwoman.com/dubai/forum/dubai-northern-emirates/kaya-clinic-wont-give-me-refund,unknown,Dubai,expat_forum_thread,"Kaya Skin Clinic customer (ExpatWoman forum, anon)","Customer spent months chasing a refund on unused prepaid sessions; staff 'either delayed the matter or made empty promises' - manual, untracked service-recovery workflow destroys trust and creates public complaints.","ExpatWoman.com Dubai forum thread 'Kaya Clinic wont give me a refund!' plus search summary: over six months of repeated refund requests met with delays and empty promises; another customer promised AED 2,200 refund never received it.",7,"Automated case-management workflow: every refund/complaint gets a ticket, automated status updates to the customer, and escalation reminders to management - stops complaints leaking onto public forums.",True,clinics-wellness
46,https://ae.indeed.com/q-patient-coordinator-job-l-dubai-jobs.html,2026-07 (listings page dated 6 July 2026),Dubai,job_posting,Multiple Dubai aesthetic/medical clinics (200+ Indeed listings; 58 on Glassdoor),"Dubai clinics are hiring humans at AED 3,000-3,500/month specifically to answer WhatsApp/calls/emails 'promptly', chase leads 'to ensure timely follow-up and convert enquiries into bookings', and run patient follow-ups in the CRM - exactly the manual work that gets dropped when volume spikes.","Indeed UAE search summary: patient coordinator roles require handling 'incoming calls, WhatsApp messages, emails, and online enquiries promptly', 'follow up on leads promptly to convert inquiries into consultations and bookings', 'manage patient follow-ups... using the clinic's CRM'; salaries from AED 3,000/month. Also seen: https://www.glassdoor.com/Job/dubai-patient-coordinator-jobs-SRCH_IL.0,5_IC2204498_KO6,25.htm (58 patient coordinator jobs in Dubai, July 2026).",8,"A $5k-10k AI lead-response and follow-up system costs roughly 2-3 months of one coordinator's salary, works 24/7 across all channels, and never lets a lead go cold - clear ROI framing against headcount.",True,clinics-wellness
47,https://sg.jobstreet.com/aesthetic-clinic-jobs,2026-05 (listings page dated May 2026),Singapore,job_posting,Multiple Singapore aesthetic clinics (704 JobStreet listings),"Singapore aesthetic clinics pay SGD 4,000-6,000/month for patient care coordinators whose core job is 'handling enquiries, coordinating care and driving conversion' plus appointment scheduling and front-desk coordination - high-cost manual labor on repetitive comms workflows.","JobStreet Singapore search summary: patient care coordinator roles at Raffles Place clinics at $4,000-$6,000/month for 'post-consult work guiding patients, handling enquiries, coordinating care and driving conversion'; 704 aesthetic clinic jobs listed; clinic assistants at $2,500-$3,500/month for scheduling and front-desk coordination.",7,AI enquiry-handling and post-consult follow-up automation lets one coordinator do the work of two; a $5k-10k build is under 2 months of one coordinator's fully-loaded cost.,True,clinics-wellness
48,https://www.top-rated.online/cities/Bukit+Timah/place/p/8633257/MY+Clinic,2024 (review covers Jan-Jul 2024),Singapore,google_review_aggregator,"MY Clinic (Bukit Timah, Singapore)",Patient emails sent in January 2024 went unanswered for months and follow-up phone calls also went unanswered until July 2024 - over 7 months of unreachable clinic; only one receptionist checks the email account.,"Top-Rated.online review summary (seen in search results): 'emails sent on January 2, 2024 went unanswered for months, and follow-up phone calls were also unanswered until July 2024... more than 7 months'; 'apparently no one checks the clinic's email account except for the receptionist'.",8,"Shared AI-triaged inbox across email/phone/WhatsApp with auto-acknowledgement, routing, and unanswered-message alerts so no channel depends on a single staff member.",True,clinics-wellness
49,https://www.trustindex.io/reviews/slclinic.com.sg,2025-02 (incident 18-20 Feb 2025 referenced in clinic reply),Singapore,review_aggregator,"SL Aesthetic Clinic (Orchard Wheelock, Singapore)",Clinic's WhatsApp patient-communication channel went dark for days because 'the team was away for a company event' - single-point-of-failure human messaging with no automated backup.,"Trustindex review page summary (seen in search results): clinic apologized for delayed response to a patient enquiry, explaining the team was away for a company event 18-20 Feb 2025; clinic communicates with patients via WhatsApp.",5,"Always-on AI WhatsApp agent that answers, triages, and books even when the whole human team is offline, with a morning digest of anything needing human review.",True,clinics-wellness
50,https://pmc.ncbi.nlm.nih.gov/articles/PMC12104927/,unknown (study data 2018-2021),Australia,academic_study,"Two metropolitan hospital physiotherapy clinics, Australia (anonymized)","Physiotherapy non-attendance runs 8-10% (plus 4-8% cancellations) and costs up to A$114,827 per clinic per year in wasted capacity - lost treatment opportunity plus wasted clinician time.","PMC time-driven activity-based costing study (seen in search results): non-attendance rates of 8% and 10% at two Australian metropolitan clinics 2018-2021; 'projected annual costs of non-attendance were as high as A$114,827 for a single clinic'.",7,Automated multi-touch reminder and confirmation sequences (SMS/WhatsApp) with instant waitlist backfill of cancelled slots - directly attacks a six-figure annual leak.,True,clinics-wellness
51,https://www.physiotutors.com/how-physiotherapy-practice-management-software-reduces-admin-and-prevents-burnout/,unknown,General (applies to AU/SG physio private practice),industry_article,Physiotutors (physiotherapy education/industry publisher),"Physiotherapists spend 10-12 hours per week on paperwork alone; private-practice owner burnout stems from 'constant mental load, admin, systems that do not work well, and the feeling that you're always catching up'.","Physiotutors article summary (seen in search results): '10-12 hours per week on paperwork alone'; clinicians 'trained to assess, treat, and support recovery, not to manage complex workflows, chase invoices, or troubleshoot software'.",7,"Admin-workflow automation: intake forms, appointment comms, invoice chasing, and report generation automated end-to-end, reclaiming ~10 clinician-hours weekly.",True,clinics-wellness
52,https://americanmedspa.org/blog/the-1-reason-aesthetic-practices-lose-profit-how-to-fix-it-fast,unknown,Med-spa industry (US benchmark; ASSUMPTION: comparable in AU/Dubai/SG med-spas),industry_association_report,American Med Spa Association (AmSpa),Aesthetic practices lose up to 30% of potential revenue annually to operational inefficiencies; med-spa no-show rates average ~20% and unintegrated technology correlates with up to 45% more no-shows and billing errors.,AmSpa blog and related industry-stat roundups seen in search results: 'aesthetic practices lose up to 30% of potential revenue annually due to operational inefficiencies'; med spa no-show rates ~20% (range 10-30%); 2022 McKinsey finding cited: unintegrated tech linked to up to 45% more no-shows/billing errors (also summarized at https://scalehaven.io/blog/med-spa-industry-statistics/).,8,Integrated booking + reminder + CRM automation package positioned as recovering a slice of the 30% operational-inefficiency revenue leak.,True,clinics-wellness
53,https://www.indesk.site/blog/enquiries-response-speed-and-booking-rate,unknown,Aesthetic clinics (UK dataset; ASSUMPTION: dynamics transfer to AU/SG/Dubai),vendor_data_study,"InDesk (analysis of 48,000 aesthetic clinic enquiries)","Slow lead response is a top revenue leak: failing to respond to a patient enquiry within 1 day cuts booking probability by 42%, while manual replies often take hours.","InDesk study summary (seen in search results): analysis of 48,000 enquiries to medical aesthetic clinics found 'not responding within 1 day reduces the chances of booking by 42%'; first-hour responders are 7x more likely to have a meaningful conversation.",8,Instant AI lead response (under 1 minute) on WhatsApp/webform/DM with qualification and direct calendar booking - the exact lever the data says drives 42% more bookings.,True,clinics-wellness
54,https://www.quora.com/How-should-we-handle-dental-appointment-no-shows-We-call-confirm-but-then-they-dont-show-up-anyway,unknown,Dental (general; question mirrors AU/SG/Dubai practice reality),practice_owner_forum_question,Anonymous dental practice (Quora),Practice staff manually call and confirm every appointment yet patients still no-show - confirmation labor is spent without solving the attendance problem.,"Quora question (seen in search results): 'How should we handle dental appointment no shows? We call & confirm, but then they don't show up anyway.' Dentaltown's front-office training content (https://www.dentaltown.com/blog/post/7637/confirmation-calls-what-you-say-is-not-as-important-as-what-you-hear) confirms practices burn staff time on multi-attempt confirmation calls, and notes many patients ignore calls but will text back.",6,"Replace manual confirmation calling with automated multi-channel sequences (SMS/WhatsApp with easy confirm/reschedule buttons), deposit-taking for repeat offenders, and auto-backfill from a waitlist.",True,clinics-wellness
55,https://clerri.com/blog/dental-patient-no-show-statistics,unknown,"Dental (US/global benchmarks; ASSUMPTION: comparable scale for AU practices, supported by AU-focused coverage at https://resources.voicestack.com/en-AU/article/the-hidden-cost-of-missed-calls-in-australian-dental-practices-what-you-re-losing-and-how-to-reclaim-it)",industry_report,Clerri / VoiceStack (dental industry publishers),"Dental practices lose $105,000-$240,000 annually to no-shows and last-minute cancellations at $200-$400 lost production per miss; 31% of no-show patients cite poor communication from the practice; a dedicated AU-market article frames missed calls as a hidden revenue drain for Australian dental practices.","Search-result summaries: 'average dental practice loses between $105,000 and $240,000 annually to patient no-shows'; '36% of missed appointments result from simple forgetfulness'; '31% cite poor communication from the practice'; 'text reminders boost attendance by 50%'. VoiceStack publishes an Australia-specific article on the hidden cost of missed calls in AU dental practices (title seen in search results; page not retrievable for figures).",8,"Missed-call capture (AI answers every call), automated reminder cadences, and recall/reactivation campaigns - each mapped to a quantified revenue-recovery number for the sales pitch.",True,clinics-wellness
56,https://hbr.org/2011/03/the-short-life-of-online-sales-leads,2011-03,"General (cross-industry, heavily cited in residential real estate)",academic/industry study (Harvard Business Review),"Oldroyd, McElheran, Elkington (audit of 2,241 US companies)",Companies respond catastrophically slowly to inbound web leads; a large share never respond at all.,"HBR study audited 2,241 US companies with test web leads: average response time among responders was 42 hours and 23% never responded; firms contacting within 1 hour were ~7x more likely to qualify the lead than those waiting 24+ hours. Seen in search results including the hbr.org article and summaries at https://ainora.lt/blog/lead-response-time-statistics-every-study-2026.",9,"AI instant-response system that engages every inbound lead within seconds (email/WhatsApp/SMS), qualifies it, and books the appointment before a competitor calls.",True,real-estate
57,https://www.wavgroup.com/2014/01/13/agent-responsiveness-study-reveals-critical-flaws-in-real-estate-lead-response/,2014-01-13,US residential real estate,industry study (WAV Group Agent Responsiveness Study),WAV Group (secret-shopper study across 384 US brokers in 11 states),"Real estate agents simply never answer a huge share of buyer inquiries, and when they do it takes most of a day.",Per the WAV Group study (as summarized in search results): 48% of buyer inquiries never received any response; average response time was 917 minutes (over 15 hours); 59% of internet buyers expected a response within 1 hour. Study PDF also indexed at https://webassets.inman.com/files/stories/BrokerResponsiveness_v3.pdf.,9,Automated lead-capture + AI first-responder so no inquiry ever goes unanswered; escalation to a human agent only after the lead is qualified and warm.,True,real-estate
58,https://agentzap.ai/blog/real-estate-lead-statistics,2026,General residential real estate,vendor blog aggregating industry statistics,AgentZap (citing Goliath Data and lead-response research),The average agent takes over 15 hours to respond to a new lead while conversion collapses within 30 minutes.,Search-result summary of this page: average agent responds to a new lead in 917 minutes (Goliath Data); leads contacted within 60 seconds convert at 23.4% vs 4.8% after 30 minutes; 78% of homebuyers work with the first agent who responds. Corroborated by https://solvea.cx/blog/real-estate-lead-response-time and https://kyzo.ai/blogs/real-estate-lead-response-time.,8,"Speed-to-lead automation: sub-60-second AI response on every channel, with automatic follow-up sequences until contact is made.",True,real-estate
59,https://www.pinova.in/blog/why-70-percent-real-estate-leads-lost,unknown,General residential real estate,industry/vendor blog citing NAR data,Pinova (citing NAR and Zillow Group Research),Agents abandon leads after one touch even though most sales require five or more follow-ups.,"Search-result summary of this page: 48% of agents never make a single follow-up attempt after first contact (attributed to NAR); only 25% make a second call and fewer than 10% attempt three or more follow-ups, while ~80% of sales require 5+ contacts; industry conversion averages 0.4-1.2% vs 3-5% for agents with structured follow-up systems.",8,"Automated multi-touch nurture sequences (email/WhatsApp/SMS) that run 5-12 touches per lead without the agent lifting a finger, reviving the 'dead database'.",True,real-estate
60,https://www.housingwire.com/articles/why-most-buyers-hire-the-first-agent-they-talk-to/,unknown,US residential real estate,industry news article citing Zillow research,HousingWire / Zillow Consumer Housing Trends Report 2025,Being second to respond means losing the client entirely: buyers overwhelmingly hire whoever answers first.,Per search results: Zillow's 2025 Consumer Housing Trends Report found 47% of buyers hire the first agent they speak with; NAR's 2025 Profile found 80% of sellers hired the first agent they spoke to and most buyers interviewed only one agent (https://www.nar.realtor/blogs/economists-outlook/top-10-takeaways-from-nars-2025-profile-of-home-buyers-and-sellers).,8,"Guarantee the agency is always 'first to respond' with an always-on AI responder, converting portal spend into booked appointments instead of missed calls.",True,real-estate
61,https://www.biggerpockets.com/forums/80/topics/1282846-losing-deals-because-of-slow-follow-up-how-are-you-handling-this,unknown,US residential real estate / investors,practitioner forum thread (BiggerPockets),Anonymous BiggerPockets forum members,"Practitioners openly report losing deals not from bad leads but from slow, inconsistent follow-up.","Thread titled 'Losing deals because of slow follow-up - how are you handling this?'. Search-result summary: leads are coming in but deals fall through because of follow-up issues; discussed fixes include automated immediate responses, structured follow-up sequences, and a central pipeline showing every lead's status.",7,Done-for-you follow-up engine: instant auto-response plus a single pipeline view so no lead's status is ambiguous.,True,real-estate
62,https://www.biggerpockets.com/forums/48/topics/1269622-most-don-t-need-more-leads-they-need-fewer-leads-slipping-through-the-crack,unknown,US residential real estate / investors,practitioner forum thread (BiggerPockets),Anonymous BiggerPockets forum members,Leads slip through the cracks because notes are scattered across tools with no defined lead stages.,"Thread titled 'Most don't need more leads, they need fewer leads slipping through the crack'. Search-result summary: many deals are lost after sellers show interest due to late replies, missed follow-ups, notes scattered across tools, and no defined lead stages.",8,"CRM consolidation + automation build: one source of truth, defined stages, automatic task/follow-up creation on every stage change.",True,real-estate
63,https://www.ziprecruiter.com/Jobs/Isa-Real-Estate,2026-03 (listing page label),US residential real estate,job postings (Inside Sales Agent / ISA roles),Multiple US real estate teams hiring via ZipRecruiter/Indeed,Agencies pay full-time human salaries just to do manual lead follow-up because agents cannot keep up.,"ZipRecruiter shows ISA real estate roles at $18-$72/hr; Indeed lists ~1,417 real estate ISA jobs (https://www.indeed.com/q-real-estate-inside-sales-agent-isa-jobs.html). Per search summaries, duties are high-volume outbound calls/texts/emails to internet leads via CRMs like Follow Up Boss, with base salaries of $30,000-$50,000 plus commission.",7,"A $5-10k AI follow-up system replaces or augments a $40k+/year ISA: it works 24/7, never quits, and hands agents only qualified appointments.",True,real-estate
64,https://www.die-geissens-realestate.com/careers/lead-coordinator-dubai/en,unknown,Dubai residential real estate,job posting (Lead Coordinator),Die Geissens Real Estate LLC (Dubai),Dubai brokerages hire dedicated staff to manually process WhatsApp/email/form leads and chase agents for follow-up tracking.,"Per search-result summary of this careers page: the Lead Coordinator must 'process and qualify incoming leads from WhatsApp, email, forms and campaigns', assign leads to agents while maintaining CRM data, follow-up tracking and pipeline visibility, and be 'comfortable with high lead volume and repetitive follow-up work'.",8,"Automate exactly this job: AI intake from WhatsApp/forms, auto-qualification, auto-routing to agents, and automatic pipeline updates and follow-up reminders.",True,real-estate
65,https://www.bayt.com/en/uae/jobs/telesales-real-estate-jobs-in-dubai/,2026-06 (listing page label),Dubai residential real estate,job postings (telesales / lead follow-up roles),Multiple Dubai agencies hiring via Bayt.com; also ae.indeed.com telesales listings,"Sustained demand for telesales headcount in Dubai real estate to do outbound qualification, appointment setting, and manual CRM record-keeping.","Bayt.com maintains a dedicated category of Telesales Real Estate Jobs in Dubai; per search summaries, core duties are outbound calls to qualify leads, generating appointments, maintaining accurate CRM records, and daily call/activity tracking. Indeed UAE lists 75+ telesales real estate jobs in Dubai (https://ae.indeed.com/q-telesale-real-estate-l-dubai-jobs.html).",6,AI qualification and appointment-booking flows reduce the volume of manual dialing and data entry that agencies currently hire for.,True,real-estate
66,https://www.sudonum.com/blog/the-rise-of-whatsapp-in-dubais-real-estate-market-a-sudonum-perspective,unknown,Dubai residential real estate,industry blog (call/WhatsApp tracking vendor),Sudonum,"Most Dubai leads arrive on WhatsApp straight to agents' personal phones, never enter the agency CRM, and management has no visibility.","Per search-result summary of this page: roughly 60-80% of Dubai property seekers initiate first enquiry via WhatsApp; high WhatsApp volume makes it hard to track which leads were answered; many enquiries never end up in the agency CRM, limiting remarketing and management visibility.",8,"WhatsApp Business API integration that auto-logs every conversation into the CRM, flags unanswered leads, and gives owners a real-time follow-up dashboard.",True,real-estate
67,https://www.realbrief.io/p/dubai-is-moving-to-ai-agents-real,unknown,Dubai residential real estate,industry newsletter,RealBrief,"The operational layer of Dubai property sales (distribution, qualification, follow-up) runs on a consumer messaging app with no system of record.","Article titled 'Dubai Is Moving to AI Agents. Real Estate Is Still Sending PDFs.' Per search-result summary: more than 85% of Dubai property enquiries start or continue on WhatsApp, and follow-up happens 'with no source of truth and no institutional memory' - WhatsApp is effectively functioning as the CRM.",8,"Build the missing system of record: WhatsApp-to-CRM sync, AI-drafted replies, and automated follow-up cadences owned by the agency, not individual agents' phones.",True,real-estate
68,https://www.groovyweb.co/blog/dubai-real-estate-lead-management,2026 (references 2025 full-year Dubai market data),Dubai residential real estate,vendor blog (Dubai lead management),Groovyweb (citing Dubai market data),"In a market of 32,294 registered brokers competing for the same enquiries, deals leak in the gap between lead arrival and agent contact; the same Bayut enquiry hits 3-4 agencies at once and night-time leads sit unanswered.","Per search-result summaries of this page and https://www.groovyweb.co/blog/dubai-real-estate-ai-lead-agent: Dubai recorded AED 919 billion across 275,442 transactions in 2025 with 32,294 registered brokers; the same Bayut enquiry reaches three or four agencies simultaneously and the first to reply 'owns the conversation'; agents are 'in viewings, asleep, or handling ten other leads' and a 1 a.m. Bayut enquiry sits until morning.",9,"24/7 AI first-responder for portal leads (Bayut/Property Finder webhooks) so the agency always answers first, including at 1 a.m., then routes qualified buyers to the right agent in the morning.",True,real-estate
69,https://codingclave.com/blog/real-estate-crm-dubai,unknown,Dubai residential / off-plan real estate,vendor blog (Dubai real estate CRM),Codingclave,"Off-plan payment milestones live in spreadsheets and each buyer exists as a fragmented Bayut enquiry, WhatsApp thread, spreadsheet row and half-filled CRM record, so nurture never happens.","Per search-result summary of this page: off-plan deals in Dubai have 4-8 payment milestones over 3-5 years and 'when these dates live in a spreadsheet, agents miss calls, lose commissions, and frustrate investors'; 'the same buyer exists as a Bayut enquiry, a WhatsApp thread, a spreadsheet row, and a half-filled CRM record - and nurture never happens because no one owns the full picture'.",8,"Unified pipeline with automated milestone reminders, payment-schedule tracking, and investor communication sequences for off-plan portfolios.",True,real-estate
70,https://prophero.net/how-to-stop-losing-leads-2/,unknown,Dubai residential real estate,vendor blog (Dubai real estate CRM),PropHero Real Estate CRM,"In Dubai, lead generation is no longer the bottleneck - managing and converting leads is where agents lose most of their potential income.","Per search-result summary: 'In Dubai, generating leads isn't the main problem anymore. Managing and converting leads is where most agents lose 80% of their potential income.' Page is a guide to real estate lead management in Dubai targeting exactly this failure mode.",7,"Positions the $5-10k implementation as revenue recovery: automate conversion of leads the agency already pays for, rather than buying more leads.",True,real-estate
71,https://www.tripadvisor.com/ShowTopic-g294226-i7220-k5414836-Bali_Realty_Holiday_Villas-Legian_Kuta_District_Bali.html,unknown,Bali villa rental / real estate,consumer forum thread (TripAdvisor Bali forum),Anonymous TripAdvisor user discussing Bali Realty Holiday Villas,"Prospective Bali villa customers get zero response to direct email and phone inquiries, even when trying to hand over money.",Per search-result summary of this thread: a user emailed the agency asking for authenticity documentation such as a villa license and received no response; attempts to call also went unanswered. Related thread on unresponsive Bali booking agents: https://www.tripadvisor.com/ShowTopic-g294226-i7220-k6074611-Internet_Booking_Scams_for_Villas_in_Bali-Bali.html.,6,"AI inquiry-response system for Bali villa agencies/managers that answers every email and WhatsApp inquiry within minutes with verification documents and booking steps, and escalates hot prospects.",True,real-estate
72,https://www.tripadvisor.com/ShowTopic-g294226-i7220-k6074611-Internet_Booking_Scams_for_Villas_in_Bali-Bali.html,unknown,Bali villa rental / property management,consumer forum thread (TripAdvisor Bali forum),Anonymous villa managers and travelers on TripAdvisor,"Bali villa managers cannot get third-party agents to update availability or respond at all, and travelers report agents going quiet after taking deposits.",Per search-result summaries: villa managers report booking agents failed to respond to requests to remove or update villa availability listings; one traveler reported a Bali agent became 'nearly invisible in her responses' after a $200 advance payment.,6,"Automated availability sync and inquiry handling for villa managers, plus automated status updates to guests so communication never goes dark.",True,real-estate
73,https://balimanagement.villas/blogs/root-causes-of-villa-management-issues/,unknown,Bali property/villa management,industry blog (Bali villa management company),Bali Management Villas,Villa owners feel ignored and out of the loop; poor communication is named as a root cause of nearly all Bali villa management failures.,"Per search-result summary of this page: 'Almost every issue comes back to these two problems: poor communication and missing local knowledge'; feeling ignored or kept out of the loop is called a clear sign of poor service; language differences between owners, staff, and management compound the problem.",7,"Automated owner-communication layer: scheduled owner reports, maintenance-status updates, and multilingual AI summaries of on-the-ground activity.",True,real-estate
74,https://magnumestate.com/blog/bali-villa-management-2026-how-to-turn-property-to-business,2026,Bali property/villa management (absentee foreign owners),industry blog (Bali real estate developer/agency),Magnum Estate,"Absentee owners in Europe/US face time-zone blackouts (problems sit 8-10 hours) and vague, infrequent financial reports that make profitability impossible to track.","Per search-result summary of this page: 'If you're in Europe or the U.S., you're sleeping while problems happen in Bali. A broken pipe might not get attention for 8-10 hours'; vague, infrequent, or overly complicated income and expense reports make it impossible to track profitability; managers who don't share booking calendars reduce owner visibility and control.",7,Automated reporting system for villa managers: real-time booking/expense dashboards and AI-generated owner reports delivered on schedule across time zones.,True,real-estate
75,https://www.h-studio.id/en/industries/crm-integration-property-agencies-bali,unknown,Bali real estate agencies,vendor service page (Bali CRM integrator),H-Studio (Bali/Indonesia),"90%+ of Indonesian real estate communication happens on WhatsApp, so Bali agency leads live in chat threads instead of any CRM until someone manually copies them.","Per search-result summary of this page: 'Since 90%+ of real estate communication in Indonesia happens on WhatsApp', the pitched fix is WhatsApp-CRM integration with auto-capture of new inquiries, auto-tagging, auto-assignment and multi-agent routing - i.e., a local vendor exists specifically because Bali agencies lack this. Related: https://aijourn.com/how-bali-real-estate-agencies-qualify-overseas-buyers-with-ai/ on Bali agencies handling multilingual overseas-buyer leads from Meta Ads/ManyChat/WhatsApp.",7,"Selena's core offer maps 1:1 - WhatsApp-first lead capture, auto-qualification of overseas buyers across time zones, and CRM sync for Bali agencies.",True,real-estate
76,https://www.yourokcpropertymanager.com/how-to-solve-communication-problem-with-property-manager,unknown,General residential property management,industry blog (property management company),OKC Home Realty Services (yourokcpropertymanager.com),Overloaded property managers juggling too many units let owner and tenant calls/emails slip through the cracks; lack of communication is the single biggest PM complaint.,"Per search-result summaries of this page and https://awning.com/post/property-manager-ignores-you: communication failures stem from broken systems and high workloads; 'when one person is juggling dozens or even hundreds of units, calls and emails can slip through the cracks'; lack of communication is repeatedly cited as the top complaint against property managers.",7,"AI triage inbox for property managers: auto-acknowledge every owner/tenant message, classify and route maintenance requests, and auto-send status updates within SLA.",True,real-estate
77,https://propcrm.ae/blog/whatsapp-crm-for-real-estate-dubai-2026,2026,Dubai residential real estate,vendor blog (Dubai WhatsApp CRM),PropCRM (Dubai),"Dubai agents sit on a goldmine of leads but lose them to slow follow-ups, missed messages, and conversations scattered across five different apps.","Per search-result summary of this page: 'Most agents in Dubai are sitting on a goldmine of leads - and losing them to slow follow-ups, missed messages, and scattered conversations across five different apps'; high WhatsApp lead volume makes it difficult to track which leads have and haven't been responded to.",7,"Channel consolidation build: all portal, WhatsApp, and web leads flow into one automated pipeline with unanswered-lead alerts.",True,real-estate
78,https://www.ukbusinessforums.co.uk/threads/electrical-small-business-owner-help-not-making-any-money.420162/,unknown,Trades / electrical services (UK),forum thread (UK Business Forums),"Anonymous electrician, solo owner, ~GBP 100k turnover","Founder bottleneck + manual admin: works ~8 hours on tools then a 4-5 hour paperwork shift daily doing invoicing, quoting and certificates; nets only ~GBP 900/week and questions whether the stress is worth it.","Search-result summary of the thread: owner reports '8 hours on tools and then a 4-5 hour paperwork shift daily, handling invoicing, quoting, and certificates'; forum replies suggest 'automating paperwork so admin time is minimal' or hiring someone for 'the administrative and invoicing drudgery'.",9,"Productized AI admin system: quote/invoice generation from job notes, automated certificate paperwork, payment reminders, and a follow-up pipeline - reclaims 20+ hours/week of unpaid evening admin.",True,smb-operations
79,https://www.contractortalk.com/threads/overwhelmed-and-falling-behind.417801/,unknown,Construction / remodeling contractors (US),forum thread (Contractor Talk),Anonymous contractor,"Proposal/quoting backlog: owner is staring at 8 proposals that need to be completed, feels overwhelmed and falling behind, and acknowledges needing to 'increase efficiencies' but has no system.",Search-result summary of the thread titled 'Overwhelmed and falling behind': poster is 'staring at 8 proposals that need to be completed' and feels overwhelmed; a related thread author says when it becomes overwhelming they 'stop taking on work and focus on catching up'.,8,"AI proposal/estimate drafting system fed by templates and past jobs, plus automated status follow-ups to prospects, so quoting stops throttling revenue intake.",True,smb-operations
80,https://www.lawnsite.com/threads/estimate-follow-up.478521/,unknown,Landscaping / lawn care (US),forum thread (LawnSite),Anonymous lawn care operators,No systematic follow-up on estimates: one operator sent 8 estimates and only 3 customers responded; another had a customer agree then ghost. Operators admit lacking any follow-up process loses money.,Search-result summary of the thread: contractor 'started with 8 estimates... only 3 customers responded'; another commenter: without planned follow-up after an in-person quote 'you're leaving money on the table'.,7,"Automated estimate follow-up sequences (SMS/email) with a simple pipeline view, so every quote gets 3-5 touches without the owner remembering anything.",True,smb-operations
81,https://www.lawnsite.com/threads/scheduling-quotes-efficiently.477410/,unknown,Landscaping / lawn care (US),forum thread (LawnSite),Anonymous lawn care owner hiring first employees,"Founder bottleneck at first-hire stage: owner overwhelmed juggling quote scheduling, training first employees, and operations; considering pulling in spouse to run operations while he does estimates.",Search-result summary of the thread: owner says it's 'overwhelming as they're just hiring their first employees who need training' and considers 'having their wife take charge of operations while they do estimates'.,7,"Scheduling + quote-request intake automation (booking links, auto-routing, reminder texts) plus documented SOPs for new hires - removes the need to conscript family as ops staff.",True,smb-operations
82,https://news.ycombinator.com/item?id=47638685,2026-04-05,Cross-market SMB / freelancers,"Q&A thread (Hacker News, Ask HN)",Anonymous small business owners and freelancers,"Manual payment chasing: small businesses chase late-paying clients with ad-hoc WhatsApp messages and manual reminders; manual methods described as inconsistent, so cash collection depends on the owner remembering to nag.","Search-result summary of 'Ask HN: How do you handle clients who don't pay on time?' (Apr 5, 2026): small businesses use 'auto-reminders, WhatsApp messages, or manual payment follow-ups, with manual methods being inconsistent'.",7,"Automated invoice-chasing workflow: scheduled polite escalations across email/WhatsApp tied to invoice status, with owner-visible dashboard of outstanding receivables.",True,smb-operations
83,https://news.ycombinator.com/item?id=48045237,2026-05-07,Cross-market (tech-adjacent SMB and operators),"Q&A thread (Hacker News, Ask HN)",Anonymous HN community,Persistent manual work in 2026: an active thread soliciting tasks people still do manually 5+ times per week because no good tool exists - evidence that repetitive-task pain remains unsolved even among tech-literate operators.,"Search-result summary: 'Ask HN: What do you still do manually in 2026 that should be automated?' (May 7, 2026) 'specifically looks for tasks done 5+ times weekly where no good tools exist'.",6,"Discovery-style engagement: audit the client's 5+/week manual tasks and ship 2-3 targeted AI automations (data entry, reporting, follow-up) as a fixed-scope project.",True,smb-operations
84,https://www.indiehackers.com/post/how-to-handle-100-support-emails-day-without-hiring-more-people-ae6c1ecfc2,unknown,SaaS / online businesses (solo and small teams),community post (Indie Hackers),Anonymous founder,Support volume outgrowing headcount: founder handling 100+ support emails per day asks how to cope without hiring; repetitive billing/integration queries throttle product work.,Post title seen in search results: 'How to handle 100+ support emails/day without hiring more people'; related search summary: AI handling 'the repetitive stuff (40-60% of emails)' lets founders 'ship features without being throttled by support emails'.,8,"AI support triage: knowledge-base-grounded auto-responses for the repetitive 40-60%, human handoff for the rest, plus auto-generated help-center articles from resolved tickets.",True,smb-operations
85,https://www.indiehackers.com/post/i-was-burning-2-hours-a-day-on-repetitive-support-as-a-solo-founder-these-5-ai-tools-actually-fixed-it-3f08c6abf3,unknown,SaaS / solo founders,community post (Indie Hackers),Anonymous solo founder,"Repetitive support burn: solo founder losing ~2 hours/day answering the same support questions ('How do I connect my CRM?', 'Can I change my billing date?'), which killed time for building and marketing.",Post title seen in search results: 'I was burning 2 hours a day on repetitive support as a solo founder'; search summary lists repeat questions like 'How do I connect my CRM?' and 'Can I change my billing date?'.,7,Packaged AI support-deflection setup (chat widget + email auto-draft grounded in docs). Note: solo indie hackers often self-serve with cheap tools rather than buy a $5k done-for-you build.,False,smb-operations
86,https://www.indiehackers.com/post/how-are-you-scaling-as-a-solo-founder-this-q4-8777769095,2025-10,Solo founders / micro-SaaS,community post (Indie Hackers),Anonymous solo founders,"Founder-as-bottleneck at growth stage: solo founders stretched thin balancing product, marketing and follow-up; thread notes low-converting/neglected email follow-up sequences as the real bottleneck rather than traffic.","Search-result summary of the Oct 2025 post: 'the bottleneck isn't ad spend or traffic volume, but rather low-converting email sequences to warm leads'; some founders are 'quietly partnering with automation experts... to handle systems'.",7,Done-for-you lead-nurture engine: AI-personalized follow-up sequences to warm leads plus reporting on conversion - exactly the 'partner with an automation expert' behavior the thread describes.,True,smb-operations
87,https://deantek.co/blog/why-contractors-lose-3800-month-in-missed-calls,unknown,Home services / contractors (US),industry blog / vendor data,DeanTek (aggregated contractor data),"Missed-call revenue leak: contractors on job sites cannot answer the phone; the average contractor reportedly loses ~$3,800/month (~$45,600/year) to missed calls, and most missed callers dial the next competitor.","Article title seen in search results: 'Why contractors lose $3,800/month in missed calls'; related result (callbirdai.com) cited '62% of contractor calls go unanswered when crews are on job sites' and '78% of callers immediately dial the next contractor'.",8,"AI receptionist + missed-call text-back + automated booking: capture, qualify and schedule inbound leads while the owner is on the tools.",True,smb-operations
88,https://www.chilipiper.com/article/speed-to-lead-statistics,unknown,Cross-market B2B SMB,industry research roundup (vendor blog citing MIT/InsideSales/HBR studies),Chili Piper (citing MIT / InsideSales.com / HBR research),"Slow lead response is structural: research cited across this results cluster - contacting leads within 5 minutes makes qualification ~21x more likely, yet average B2B response time is ~42 hours and ~78% of buyers choose the first responder.","Search-result summary across speed-to-lead statistics pages (chilipiper.com, verse.ai, leadangel.com): '5 minutes... 21 times more likely to qualify', 'average B2B lead response time is a staggering 42 hours', '78% of buyers go with the first company that responds'.",8,"Instant-response lead automation: AI answers and qualifies every inbound lead in under a minute across web form, email and WhatsApp, then books the call - directly attacks the 42-hour norm.",True,smb-operations
89,https://blogs.buildwithsamurai.com/why-small-shops-lose-orders-in-whatsapp-chats-and-how-to-fix-it-in-2026/,2026,Small retail / DTC selling via WhatsApp (emerging markets incl. SE Asia),industry blog,Samurai Labs (describing small-shop pattern),"WhatsApp-driven sales chaos: small shops lose orders because chats are slow, unstructured and easy to forget - customers drop off when replies are delayed or next steps are unclear; order state lives only inside scrolling chat threads.","Search-result summary of 'Why Small Shops Lose WhatsApp Orders (2026)': shops lose orders because 'chats are slow, unstructured, and easy to forget, with customers dropping off when replies are delayed'.",7,"WhatsApp sales system: AI first-reply and FAQ handling, structured order capture from chat into a pipeline/CRM, and automated follow-up on stalled conversations. Strong fit for Bali/SE-Asia SMBs where WhatsApp is the primary sales channel.",True,smb-operations
90,https://www.activecampaign.com/blog/whatsapp-multi-agent-inbox,unknown,"SMBs selling/supporting via WhatsApp (clinics, coaches, local services)",vendor blog (ActiveCampaign),ActiveCampaign (describing customer pattern),"WhatsApp as organizational bottleneck: once volume hits hundreds-to-thousands of messages weekly, teams scramble to follow up, and nobody can answer 'who followed up with this lead?' or 'why is this conversation still open?'.","Search-result summary: when WhatsApp volume hits 'triple or quadruple digits every week... questions about who followed up with leads... can bog down teams, turning WhatsApp into an organizational bottleneck'.",6,"Shared WhatsApp inbox wired to a CRM with AI tagging, assignment and auto-follow-up on unanswered threads, plus a weekly automated pipeline report to the owner.",True,smb-operations
91,https://www.weownleads.com/insights/crm-setup-that-stops-leads-falling-through,unknown,Cross-market SMB sales teams,industry blog / agency insights,"We Own Leads (agency, describing client pattern)",Scattered pipeline: lead tracking living in spreadsheets and reps' memory means deals are lost invisibly; follow-up runs on memory and shared inboxes and breaks as soon as the team is busy or traveling.,"Search-result summary of this results cluster: 'If your lead tracking lives in a spreadsheet or your sales rep's memory, you are losing deals without knowing it'; companies typically find '20-30% of their leads from the past two months have had zero follow-up' (cetdigit.com in same cluster).",7,"CRM implementation with automated lead capture from every channel, no-touch follow-up sequences, and 'stale lead' alerts - converts the invisible leak into recovered revenue.",True,smb-operations
92,https://www.verveit.com/blog/employees-are-copy-pasting-between-6-systems-all-day-and-leadership-often-has-no-idea,unknown,Cross-market SMB / mid-market operations,industry blog,Verve IT (describing client pattern),"Manual reporting and swivel-chair data entry: employees act as the 'human bridge' copy-pasting between ~6 systems; the same data gets re-entered 5-6 times a day, monthly report rebuilds take hours when pasted data breaks formulas.",Article title seen in search results: 'Employees Are Copy-Pasting Between 6 Systems All Day And Leadership Often Has No Idea'; search summary: 'the same information may have been entered five or six different times by different employees' and a 'five-minute data refresh becomes a two-hour rebuild'.,7,"Integration + automated reporting build: connect the 2-3 core systems, auto-generate the recurring owner/management report, eliminate duplicate entry.",True,smb-operations
93,https://www.cleardesk.com/post/signs-you-need-virtual-assistant,unknown,Cross-market SMB owners,vendor blog / industry data (VA agency),ClearDesk (aggregated data),"Owner time sink on repetitive admin: business owners reportedly spend ~16 hours/week - about two full workdays - on repetitive administrative tasks such as inbox management, scheduling and data entry.",Search-result summary: 'Business owners spend around 16 hours a week on repetitive administrative tasks - roughly equivalent to two full workdays'; also 'over 40% of workers spend at least a quarter of their workweek on repetitive tasks'.,7,"AI admin stack (inbox triage/drafting, scheduling automation, data entry bots) as an alternative or complement to hiring a VA - one-time build vs. recurring salary.",True,smb-operations
94,https://jobgether.com/offer/69e1711dc646310ee391aabb-remote-sales-assistant-lead-follow-up-specialist-latam,unknown,SMBs hiring remote sales-admin staff,job posting (Jobgether),FreedUp,"Hiring humans for automatable follow-up: role exists purely to do immediate inbound lead follow-up, qualify leads, schedule calls, and log notes/outcomes in a GoHighLevel CRM for roughly 5-10 inbound leads daily.",Job listing seen in search results: 'Remote Sales Assistant / Lead Follow-Up Specialist (LATAM) at FreedUp'; search summary of duties: 'managing immediate inbound lead follow-up... logging notes and outcomes in the CRM (such as Go High Level) and handling 5-10 inbound leads daily'.,6,An AI speed-to-lead + CRM-logging system covers most of this job description; businesses budgeting a salary for this role can clearly justify a one-time $5-10k build.,True,smb-operations
95,https://dailyremote.com/remote-job/lead-follow-up-specialist-4973270,unknown,SMBs hiring outbound/follow-up staff,job posting (DailyRemote),Vizx International,Hiring for high-volume repetitive outreach: 'Lead Follow-Up Specialist' role built around outbound calls/SMS/email to contact and qualify leads (postings in this cluster cite up to ~50 calls/day) plus maintaining CRM records of every attempt and outcome.,"Job listing seen in search results: 'Lead Follow-Up Specialist at VizxInternational'; search summary of this posting cluster: duties include 'outbound cold calls... up to 50 calls per day' and 'maintaining accurate records in CRM systems by logging all notes, contact attempts, outcomes'.",6,Automated multi-channel follow-up cadences with auto-logged CRM activity; positions Selena's build as replacing/augmenting a full-time repetitive role.,True,smb-operations
96,https://www.featurebase.app/blog/tribal-knowledge,unknown,Growing SMBs (3-20 employees),industry blog,Featurebase (describing common pattern),"Messy SOPs / tribal knowledge: how-work-gets-done lives in people's heads, Slack threads and private notes; teams keep interrupting each other with repeat questions, work is inconsistent, and knowledge walks out when someone leaves.","Search-result summary of this results cluster: tribal knowledge 'lives in people's heads, Slack threads, old docs, private notes'; 'when one person becomes the only source of truth, they turn into a bottleneck'; SOPs 'decay within weeks or never get created'.",6,"AI documentation engine: generate and maintain SOPs from screen recordings/interviews, searchable internal knowledge base, auto-updated as processes change - fits the cited 2-4 week capture window for 3-20 person teams.",True,smb-operations
